<?xml version="1.0" encoding="UTF-8"?>
<project xmlns="http://maven.apache.org/POM/4.0.0" xmlns:xsi="http://www.w3.org/2001/XMLSchema-instance" xsi:schemaLocation="http://maven.apache.org/POM/4.0.0 http://maven.apache.org/maven-v4_0_0.xsd">
  <modelVersion>4.0.0</modelVersion>
  <groupId>org.example</groupId>
  <artifactId>loyalty-points-services</artifactId>
  <version>1.0-SNAPSHOT</version>
  <build>
    <plugins>
      <plugin>
        <artifactId>maven-shade-plugin</artifactId>
        <version>3.5.1</version>
        <executions>
          <execution>
            <phase>package</phase>
            <goals>
              <goal>shade</goal>
            </goals>
            <configuration>
              <transformers>
                <transformer>
                  <mainClass>io.vertx.core.Launcher</mainClass>
                </transformer>
              </transformers>
            </configuration>
          </execution>
        </executions>
      </plugin>
      <plugin>
        <groupId>org.jacoco</groupId>
        <artifactId>jacoco-maven-plugin</artifactId>
        <version>0.8.12</version>
        <executions>
          <execution>
            <id>prepare-agent</id>
            <goals>
              <goal>prepare-agent</goal>
            </goals>
          </execution>
          <execution>
            <id>report</id>
            <phase>verify</phase>
            <goals>
              <goal>report</goal>
            </goals>
          </execution>
        </executions>
      </plugin>
      <plugin>
        <artifactId>maven-compiler-plugin</artifactId>
        <configuration>
          <source>16</source>
          <target>16</target>
        </configuration>
      </plugin>
    </plugins>
  </build>
  <dependencies>
    <dependency>
      <groupId>io.vertx</groupId>
      <artifactId>vertx-junit5</artifactId>
      <version>4.5.8</version>
      <scope>test</scope>
      <exclusions>
        <exclusion>
          <artifactId>junit-jupiter-api</artifactId>
          <groupId>org.junit.jupiter</groupId>
        </exclusion>
        <exclusion>
          <artifactId>junit-jupiter-params</artifactId>
          <groupId>org.junit.jupiter</groupId>
        </exclusion>
        <exclusion>
          <artifactId>junit-jupiter-engine</artifactId>
          <groupId>org.junit.jupiter</groupId>
        </exclusion>
      </exclusions>
    </dependency>
    <dependency>
      <groupId>com.github.tomakehurst</groupId>
      <artifactId>wiremock-jre8</artifactId>
      <version>2.35.0</version>
      <scope>test</scope>
      <exclusions>
        <exclusion>
          <artifactId>jetty-server</artifactId>
          <groupId>org.eclipse.jetty</groupId>
        </exclusion>
        <exclusion>
          <artifactId>jetty-servlet</artifactId>
          <groupId>org.eclipse.jetty</groupId>
        </exclusion>
        <exclusion>
          <artifactId>jetty-servlets</artifactId>
          <groupId>org.eclipse.jetty</groupId>
        </exclusion>
        <exclusion>
          <artifactId>jetty-webapp</artifactId>
          <groupId>org.eclipse.jetty</groupId>
        </exclusion>
        <exclusion>
          <artifactId>jetty-proxy</artifactId>
          <groupId>org.eclipse.jetty</groupId>
        </exclusion>
        <exclusion>
          <artifactId>http2-server</artifactId>
          <groupId>org.eclipse.jetty.http2</groupId>
        </exclusion>
        <exclusion>
          <artifactId>jetty-alpn-server</artifactId>
          <groupId>org.eclipse.jetty</groupId>
        </exclusion>
        <exclusion>
          <artifactId>jetty-alpn-java-server</artifactId>
          <groupId>org.eclipse.jetty</groupId>
        </exclusion>
        <exclusion>
          <artifactId>jetty-alpn-openjdk8-server</artifactId>
          <groupId>org.eclipse.jetty</groupId>
        </exclusion>
        <exclusion>
          <artifactId>jetty-alpn-java-client</artifactId>
          <groupId>org.eclipse.jetty</groupId>
        </exclusion>
        <exclusion>
          <artifactId>jetty-alpn-openjdk8-client</artifactId>
          <groupId>org.eclipse.jetty</groupId>
        </exclusion>
        <exclusion>
          <artifactId>guava</artifactId>
          <groupId>com.google.guava</groupId>
        </exclusion>
        <exclusion>
          <artifactId>httpclient5</artifactId>
          <groupId>org.apache.httpcomponents.client5</groupId>
        </exclusion>
        <exclusion>
          <artifactId>xmlunit-core</artifactId>
          <groupId>org.xmlunit</groupId>
        </exclusion>
        <exclusion>
          <artifactId>xmlunit-legacy</artifactId>
          <groupId>org.xmlunit</groupId>
        </exclusion>
        <exclusion>
          <artifactId>xmlunit-placeholders</artifactId>
          <groupId>org.xmlunit</groupId>
        </exclusion>
        <exclusion>
          <artifactId>json-unit-core</artifactId>
          <groupId>net.javacrumbs.json-unit</groupId>
        </exclusion>
        <exclusion>
          <artifactId>json-path</artifactId>
          <groupId>com.jayway.jsonpath</groupId>
        </exclusion>
        <exclusion>
          <artifactId>asm</artifactId>
          <groupId>org.ow2.asm</groupId>
        </exclusion>
        <exclusion>
          <artifactId>jopt-simple</artifactId>
          <groupId>net.sf.jopt-simple</groupId>
        </exclusion>
        <exclusion>
          <artifactId>commons-lang3</artifactId>
          <groupId>org.apache.commons</groupId>
        </exclusion>
        <exclusion>
          <artifactId>handlebars</artifactId>
          <groupId>com.github.jknack</groupId>
        </exclusion>
        <exclusion>
          <artifactId>handlebars-helpers</artifactId>
          <groupId>com.github.jknack</groupId>
        </exclusion>
        <exclusion>
          <artifactId>commons-fileupload</artifactId>
          <groupId>commons-fileupload</groupId>
        </exclusion>
        <exclusion>
          <artifactId>commons-io</artifactId>
          <groupId>commons-io</groupId>
        </exclusion>
        <exclusion>
          <artifactId>slf4j-api</artifactId>
          <groupId>org.slf4j</groupId>
        </exclusion>
      </exclusions>
    </dependency>
    <dependency>
      <groupId>org.assertj</groupId>
      <artifactId>assertj-core</artifactId>
      <version>3.24.2</version>
      <scope>test</scope>
      <exclusions>
        <exclusion>
          <artifactId>byte-buddy</artifactId>
          <groupId>net.bytebuddy</groupId>
        </exclusion>
      </exclusions>
    </dependency>
  </dependencies>
  <properties>
    <wiremock.version>2.35.0</wiremock.version>
    <java.version>17</java.version>
    <vertx.version>4.5.8</vertx.version>
  </properties>
</project>
